Show Id,Title,Description,Director,Genres,Cast,Production Country,Release Date,Rating,Duration(min),Imdb Score,Content Type,Date Added,Season Count
ea94d1e2-dfb5-4fb0-b941-ca4b1ade98c1,10 Days in Sun City,"After his girlfriend wins the Miss Nigeria pageant, a young man faces unexpected competition of his own when he joins her on a campaign in South Africa.",Adze Ugah,"Comedies, International Movies, Romantic Movies","Ayo Makun, Adesua Etomi, Richard Mofe-Damijo, Mercy Johnson, Falz, Tuface Idibia, Thenjiwe Moseley, Motlatsi Mafatshe, Celeste Ntuli, Miguel A. Núñez Jr.","South Africa, Nigeria",2017,TV-14,87,5.1,Movie,"October 18, 2019",
87fae73b-d8ef-4ea5-9085-a44560e0ce39,4th Republic,"After the election-night murder of her campaign manager at a polling site, a gubernatorial candidate challenges the corrupt incumbent's victory.",Ishaya Bako,"Dramas, International Movies, Thrillers","Kate Henshaw-Nuttal, Enyinna Nwigwe, Linda Ejiofor, Yakubu Mohammed, Bimbo Manuel, Sani Mu’azu, Emil Hirai-Garuba, Rekiya Ibrahim Atta",Nigeria,2019,TV-MA,120,,Movie,"June 13, 2020",
543835b9-edf1-45f1-95be-5f8f35069c79,93 Days,Heroic health workers fight to contain an Ebola outbreak when a patient arrives in Lagos with symptoms of the deadly virus. Based on a true story.,Steve Gukas,"Dramas, International Movies, Thrillers","Bimbo Akintola, Somkele Iyamah, Danny Glover, Gideon Okeke, Seun Kentebe, Keppy Ekpenyong, Zara Udofia Ejoh, Bimbo Manuel, Patrick Diabuah, Tina Mba, Alastair Mackenzie, Tim Reid",Nigeria,2016,TV-PG,121,5.8,Movie,"March 5, 2020",
79e9f73c-ec62-4fc7-93c5-931b1a13f1d5,A Trip to Jamaica,A newly engaged couple's romantic vacation in Jamaica turns into a mischievous adventure that tests their union in wild and unexpected ways.,Robert O. Peters,"Comedies, International Movies","Ayo Makun, Funke Akindele, Nse Ikpe-Etim, Dan Davies, Paul Campbell, Chris Attoh, Rebecca Silvera, Eric Roberts, Joe Diaz, Alex Moore",Nigeria,2016,TV-MA,99,5,Movie,"December 13, 2019",
55c349c0-702f-406f-b164-ba904d55cd27,Anchor Baby,A Nigerian couple living in the U.S. face agonizing fallout when they defy deportation orders with the hopes of giving their unborn child citizenship.,Lonzo Nzekwe,"Dramas, International Movies","Omoni Oboli, Sam Sarpong, Terri Oliver, Colin Paradine, Mark Cassius","Canada, Nigeria",2010,TV-MA,97,6.5,Movie,"May 20, 2020",
b7921409-ef49-4d0f-83ac-ce57ad21903c,Banana Island Ghost,"Searching for a soul mate, a ghost negotiates with God for three more days on Earth to find love, then meets a woman in need of help herself.",BB Sasore,"Comedies, International Movies","Chigul, Patrick Diabuah, Adetomiwa Edun, Uche Jumbo, Saidi Balogun, Ali Nuhu, Bimbo Manuel, Akah Nnani, Damilola Adegbite, Dorcas Shola Fapson",Nigeria,2017,TV-14,108,6.3,Movie,"December 6, 2019",
7f3c0b7e-f12a-47b3-b43a-4059902db781,Before 30,"Four female friends in the fast-paced city of Lagos, Nigeria endure public and private pressures to walk down the aisle by the age of 30.",BB Sasore,"International TV Shows, Romantic TV Shows, TV Comedies","Damilola Adegbite, O.C. Ukeje, Beverly Naya, Meg Otanwa, Anee Icha, Patrick Diabuah, Tunbosun Aiyedehin, Patrick Doyle",Nigeria,2015,TV-MA,1 Season,,TV Show,,1
b900edca-9fff-425e-9188-4c999d198e34,Being Mrs Elliot,"When a scorned wife from the city shares a cab with a troubled villager, a fiery accident forces them to live out each other's lives.",Omoni Oboli,"Dramas, International Movies, Romantic Movies","Omoni Oboli, Majid Michel, Ayo Makun, Uru Eke, Ime Bishop Umoh, Lepacious Bose, Seun Akindele, Sylvia Oluchy, Chika Chukwu",Nigeria,2014,TV-14,113,,Movie,"December 20, 2019",
a2ec0dae-40d6-41ea-8219-34c4fd1995e6,Black Rose,"Struggling in poverty with her single mother and siblings, a principled young woman meets the man of her dreams but soon finds he's keeping secrets.",Okey Oku,"Dramas, International Movies","Blossom Chukwujekwu, Ebele Okaro, Lilian Echelon, Betty Bellor, Swanky JKA",Nigeria,2018,TV-14,121,8.1,Movie,"January 26, 2021",
9b506894-c8ae-4fed-bb28-8cb23dc4388a,Castle and Castle,"A pair of high-powered, successful lawyers find themselves defending opposite interests of the justice system, causing a strain on their happy marriage.",,"International TV Shows, TV Dramas","Richard Mofe-Damijo, Dakore Akande, Bimbo Manuel, Blossom Chukwujekwu, Deyemi Okanlawon, Etim Effiong, Denola Grey, Duke Akintola, Eku Edewor, Ade Laoye, Anee Icha, Kevin Ushi, Jude Chukwuka, Amanda Afolabi",Nigeria,2018,TV-MA,1 Season,8.7,TV Show,,1
e11b79f9-c864-4334-b624-37b325112a13,Catch.er,"A man becomes the prime suspect in his wife's murder, but the police investigation soon widens to other potential culprits with hidden motives.",Walter Taylaur,"Dramas, International Movies, Thrillers","OC Ukeje, Blossom Chukwujekwu, Alexx Ekubo, Beverly Naya, Tope Tedela, Gbenro Ajibade, Omowunmi Dada, Kiki Omeili, Wofai Fada",Nigeria,2017,TV-14,80,,Movie,"March 17, 2021",
5c2f7011-1fd0-4442-8f4a-cdf7bb6d166d,Chief Daddy,"When a wealthy patriarch unexpectedly drops dead, his money-crazed family, friends and staff scramble for his billionaire fortune.",Niyi Akinmolayan,"Comedies, Dramas, International Movies","Taiwo Obileye, Joke Silva, Falz The Bahd Guy, Dakore Akande, Funke Akindele, Zainab Balogun, Shaffy Bello, Ini Edo, Linda Ihuoma-Suleiman, Mawuli Gavor, Richard Mofe-Damijo, Rachael Oniga, Nkem Owoh, Patience Ozokwor",Nigeria,2018,TV-MA,98,5.3,Movie,"March 15, 2019",
0837de39-3f2e-46ca-8d43-814e9ac1319e,Citation,A bright student in Nigeria takes on the academic establishment when she reports a popular professor who tried to rape her. Based on real events.,Kunle Afolayan,"Dramas, International Movies","Temi Otedola, Jimmy Jean-Louis, Joke Silva, Gabriel Afolayan, Adjetey Anang, Ini Edo, Sadiq Daba, Wole Olowomojuore, Yomi Fash-Lanso, Bukunmi Oluwashina, Bienvenu Neba, Ray Reboul, Ibukun Awosika, Seun Kuti",Nigeria,2020,TV-MA,151,6.1,Movie,"November 6, 2020",
c63380d5-eb02-4a66-bfb3-8bb41103bf46,Cold Feet,"At a resort getaway, the fate of two couples collides when a wife unexpectedly runs into an old flame as he hesitates to propose to his girlfriend.",Moses Inwang,"Dramas, International Movies, Romantic Movies","Jim Iyke, Joselyn Dumas, Enyinna Nwigwe, Beverly Naya, Femi Adebayo, Segun Arinze, Padita Agu",Nigeria,2019,TV-14,98,6.4,Movie,"July 15, 2020",
7c2c930a-42ca-4675-93d3-5cdda0ca920a,Confusion Na Wa,A misplaced cell phone's incriminating content becomes a prime blackmail opportunity for a pair of petty thieves who soon regret their greedy scheme.,Kenneth Gyang,"Comedies, Dramas, International Movies","Ramsey Nouah, OC Ukeje, Ali Nuhu, Tunde Aladese, Gold Ikponmwosa, Tony Goodman, Nathaniel Deme, Yanchat Sankey, Lisa Pam Tok, Toyin Alabi",Nigeria,2013,TV-MA,106,7.3,Movie,"June 9, 2021",
23fae38f-a7aa-4547-903e-c833461b522a,Couple of Days,"Three couples, each in different phases of romance, head to Ibadan for a fun and frisky holiday. But secrets soon spill, causing trouble in paradise.",Tolu Awobiyi,"Dramas, International Movies, Romantic Movies","Lilian Esoro, Ademola Adedoyin, Enyima Nwigwe, Kiki Omeili, Okey Uzoeshi, Adesua Etomi, Olayode Juliana, Falz",Nigeria,2016,TV-14,103,,Movie,"February 26, 2020",
afcd09c1-0943-4c04-baec-e231dadd4e90,Crazy people,Nollywood star Ramsey Nouah learns that someone is impersonating him and breaks out of a mental institution to expose the imposter.,Moses Inwang,"Comedies, International Movies, Thrillers","Ramsey Nouah, Chigul, Sola Sobowale, Ireti Doyle, Ben Touitou, Francis Onwochei, Ememobong Nkana, Emem Inwang, Patrick Onyeke",Nigeria,2018,TV-MA,107,,Movie,"November 29, 2019",
bb93e03e-30d4-469b-961b-37f95b751109,"Crazy, Lovely, Cool","For a group of charismatic undergraduates, the jolting revelations from a campus blog turn surviving university life into a serious matter.",Obi Emelonye,"International TV Shows, TV Dramas","Enyinna Nwigwe, Adesua Etomi, Uru Eke, Zynnell Zuh, Obi Okolie, Anthony Monjaro, Emmanuel Emelu, Chinonye Chidolue, Lorenzo Menakaya, King Bawa",Nigeria,2018,TV-MA,1 Season,,TV Show,,1
9db8ff15-c5b0-4808-8a5b-cc96b1a82346,Day of Destiny,"With their family facing financial woes, two teen brothers seize an opportunity to reverse their bad fortunes by traveling 20 years back in time.","Akay Mason, Abosi Ogba","Children & Family Movies, Dramas, International Movies","Olumide Oworu, Denola Grey, Gbemi Akinlade, Jide Kosoko, Ireti Doyle, Norbert Young, Toyin Abraham, Blossom Chukwujekwu, Broda Shaggi, Ini Dima-Okojie, Deyemi Okanlawon",Nigeria,2021,TV-PG,110,,Movie,"July 13, 2021",
3842f2f7-32f6-4190-adae-4006944f45a3,Elevator Baby,"A chance encounter brings a brash, wealthy young man and an underprivileged woman together when they get stuck in an elevator and she goes into labor.",Akhigbe Ilozobhie,"Dramas, International Movies","Toyin Abraham, Timini Egbuson, Shaffy Bello, Yemi Solade, Broda Shaggi, Sambasa Nzeribe, Ijeoma Aniebo, Blessing Onwukwe",Nigeria,2019,TV-MA,84,7.1,Movie,"June 20, 2020",
bd21128f-14de-4027-bf6b-999b24e7bc2f,Fate of Alakada,"Faking her way through any situation, a social media influencer poses as an event planner and is tasked with throwing an extravagant, star-studded bash.",Kayode Kasum,"Comedies, International Movies","Toyin Abraham, Broda Shaggi, Calabar Chic, Munirat Antoinette Lecky, Khafi Kareem, Bukola Oshibowale, Adebimpe Akintunde, Temisan Emmanuel, Olaniyi Afonja, Sydney Egere",Nigeria,2020,TV-14,113,7.1,Movie,"March 5, 2021",
a54178b9-19ab-4bfe-9c61-27c7541a9067,Fifty: The Series,"Juggling careers and families, four ambitious women faced with unique crises weigh the consequences of their choices as they approach turning 50.",,"International TV Shows, Romantic TV Shows, TV Dramas","Ireti Doyle, Keira Hewatch, Dakore Akande, Omoni Oboli, Uzor Osimkpa, Wale Ojo, Timini Egbuson, Chris Attoh, Kachi Nnochiri",Nigeria,2018,TV-14,2 Seasons,8.4,TV Show,"February 7, 2020",2
a8d2df28-4085-4504-859e-6c922b3437ab,Gbomo Gbomo Express,The night spins sinisterly out of control when incompetent kidnappers hold a club-hopping record exec and a socialite for ransom in this dark comedy.,Walter Taylaur,"Dramas, International Movies","Ramsey Nouah, Gideon Okeke, Osas Ighodaro Ajibade, Blossom Chukwujekwu, Kiki Omeili, Gbenro Ajibade, Ikechukwu, Alexx Ekubo, Shaffy Bello",Nigeria,2015,TV-MA,97,5,Movie,"February 26, 2020",
c370aa7f-82c2-4cff-9afb-8666ebfe2f61,God Calling,"The loss of a child plunges Sade into a suicidal depression, but her suffering leads to faith – with a little assist from modern technology.",BB Sasore,"Dramas, Faith & Spirituality, International Movies","Zainab Balogun, Karibi Fubara, Diana Egwuatu, Richard Mofe-Damijo, Tina Mba, Onyeka Onwenu, Nkem Owoh, Patrick Diabuah, Ademola Adedoyin, Bikiya Graham Douglas",Nigeria,2018,TV-MA,120,7.8,Movie,"April 2, 2021",
7fb10095-1f47-4c6c-acb1-1cc23e33653c,Gold Statue,"After tracing an artifact to his ancestry, a young man and his friend's search for a gilded statue lands them in a maximum-security prison.",Tade Ogidan,"Comedies, Dramas, International Movies","Gabriel Afolayan, Kunle Remi, Richard Mofe-Damijo, Sola Sobowale, Kelvin Ikeduba, Kunle Fawole, Norbert Young, Alibaba Akporobome, Segun Arinze, Rycardo Agbor",Nigeria,2019,TV-14,145,5.7,Movie,"June 2, 2021",
3f9f1999-1fe0-40e4-8cd8-0dbe193d5805,Hakkunde,A perpetually unemployed graduate desperately leaves his city for a potential opportunity until a roadblock threatens to derail his chance at a career.,Oluseyi Asurf,"Comedies, Dramas, Independent Movies","Frank Donga, Rahama Sadau, Ali Nuhu, Toyin Aimakhu, Tunbosun Aiyedehin, Maryam Booth, Ahaji Issa Bello, Adebukola, Bukky Ajayi, Ibrahim Daddy, Seyilaw, Tomiwa Kukoyi",Nigeria,2017,TV-14,93,6.6,Movie,"January 31, 2020",
771cf20c-cee3-4d6b-9ce3-97acb4850ada,In Line,"A convicted murderer gets out of prison and reunites with his wife, who is plotting revenge against him after years of physical and emotional abuse.",Tope Oshin,"Dramas, International Movies","Chris Attoh, Adesua Etomi, Uzor Arukwe, Sika Osei, Leonora Okien, Shawn Faqua, Tina Mba",Nigeria,2017,TV-14,114,6.1,Movie,"October 30, 2020",
32329c77-8888-41a5-bca2-5b64899532dd,Isoken,"Single at 34, Isoken is maneuvered by her mother toward a relationship with a black entrepreneur but finds herself drawn to a white photojournalist.",Jadesola Osiberu,"Comedies, International Movies, Romantic Movies","Dakore Akande, Joseph Benjamin, Marc Rhys, Funke Akindele, Lydia Forson, Damilola Adegbite, Tina Mba, Patrick Doyle",Nigeria,2017,TV-14,98,6.5,Movie,"December 15, 2019",
5b612639-fad8-4f72-ba46-2a6d1df673a7,It's Her Day,"After a man promises his fiancé a dream wedding, he must keep up with her outrageous requests to have the most lavish ceremony possible.",Aniedi Anwah,"Comedies, International Movies, Romantic Movies","Bovi Ugboma, Amanda Ebeye, Shaffy Bello, Adunni Ade, Ini Dima-Okojie, 'Najite Dede, Gregory Ojefua, Thelma Ezeamaka, Femi Durojaiye, Ese Lami George, Toni Tones",Nigeria,2016,TV-MA,112,,Movie,"July 29, 2020",
887e9f6c-0581-4e81-adaa-8a3597be9f07,Iyore,A tragic romance unfolds during a teacher's lessons on the Benin empire after they begin to mirror her love life when her childhood love reappears.,Frank Rajah Arase,"Dramas, International Movies, Romantic Movies","Rita Dominic, Joseph Benjamin, Okawa Shaznay, Paul Obazele, Yemi Blaq, Bukky Wright",Nigeria,2015,TV-PG,141,,Movie,"December 20, 2019",
b32633dd-c060-4e70-ae36-5b0949b314cd,Kambili: The Whole 30 Yards,"Determined to marry before she turns 30, a woman tries to change her impulsive ways and do whatever it takes to win back the boyfriend who left her.",Kayode Kasum,"Comedies, International Movies, Romantic Movies","Nancy Isime, Jide Kene Achufusi, Sharon Ooja, Mawuli Gavor, Venita Akpofure, Koye Kekere Ekun, Elvina Ibru, Uzor Arukwe, Toyin Abraham",Nigeria,2020,TV-14,119,,Movie,"June 18, 2021",
6c372715-82fe-4ca0-8381-3a2231e5349d,Kasanova,"After losing his wife, a single father indulges in flimsy flings until he meets his son's music teacher, who imparts a few lessons on love.",Oluseyi Asurf,"Comedies, International Movies, Romantic Movies","Wale Ojo, Ireti Doyle, Alvin Abayomi, Toyin Abraham, Ruby Akubueze, Chimezie Imo, Tomiwa Tegbe",Nigeria,2019,TV-14,117,6.7,Movie,"June 26, 2020",
fd5e71ee-18ca-419a-bd86-55b79ba841f2,King of Boys,"When a powerful businesswoman’s political ambitions are threatened by her underworld connections, the ensuing power struggle could cost her everything.",Kemi Adetiba,"Dramas, International Movies","Sola Sobowale, Adesua Etomi, Remilekun Safaru, iLLBLISS, Toni Tones, Paul Sambo, Jide Kosoko, Sharon Ooja",Nigeria,2018,TV-MA,182,5.6,Movie,"September 21, 2019",
096bb060-00d2-4aa4-a608-08ac393ca773,Lara and the Beat,"When their glamorous, fast-paced lifestyle comes to a screeching halt, two sisters try to rebuild their fortunes through music and enterprise.",Tosin Coker,"Dramas, International Movies, Music & Musicals","Seyi Shay, Somkele Iyamah, Vector, Chioma Chukwuka Akpotha, Uche Jumbo, Sharon Ooja, Shaffy Bello, Saidi Balogun, Kemi Lala Akindoju, Ademola Adedoyin",Nigeria,2018,TV-MA,140,6.5,Movie,"September 14, 2020",
1e64be96-754f-4376-8335-a2bfd8bea97d,Last Flight to Abuja,"When disaster strikes mid-flight, a commercial plane's frantic passengers confront their pasts and the possibility of death. Based on true events.",Obi Emelonye,"Dramas, International Movies","Omotola Jalade-Ekeinde, Hakeem Kae-Kazim, Jim Iyke, Ali Nuhu, Jide Kosoko, Anthony Monjaro, Jennifer Oguzie, Uru Eke, Celine Loader","Nigeria, United Kingdom",2012,TV-14,76,4.7,Movie,"June 16, 2020",
4a1123a7-ccb1-4125-945f-4943d89bd059,Light in the Dark,A terrifying home invasion shatters a couple's happy family life and brings their marriage to the brink as painful fallout unfolds.,Ekene Som Mekwunye,"Dramas, International Movies","Rita Dominic, Joke Silva, Ngozi Nwosu, Kiki Omeili, Kalu Ikeagwu, Emmanuel Essien, Saidi Balogun",Nigeria,2019,TV-14,105,,Movie,"May 18, 2020",
9c16b3dc-876f-450e-a534-1effe38c2a07,Lionheart,"When her father falls ill, Adaeze steps up to run the family business – alongside her uncle – and prove herself in a male-dominated world.",Genevieve Nnaji,"Comedies, Dramas, Independent Movies","Genevieve Nnaji, Nkem Owoh, Pete Edochie, Onyeka Onwenu, Kanayo O. Kanayo",Nigeria,2018,TV-PG,95,5.8,Movie,"January 4, 2019",
8da63346-498b-4697-9778-5e2d59b5cf71,Living in Bondage: Breaking Free,"Mentored by an enigmatic tycoon, an ambitious young man faces a crisis when his rise in power draws him deep into the occult.",Ramsey Nouah,"Horror Movies, International Movies, Thrillers","Swanky JKA, Kenneth Okonkwo, Ramsey Nouah, Enyinna Nwigwe, Nancy Isime, Shawn Faqua, Munachi Abii, Zulu Adigwe",Nigeria,2019,TV-MA,149,5.7,Movie,"May 22, 2020",
f732e916-10ea-41c1-aded-b8275479d4c5,Lost in London,"Nigerian students Okon and Bona experience culture shock – several shocks, really – after being selected for an exchange program in London.",Sunkanmi Adebayo,"Comedies, International Movies","Ime Bishop Umoh, Alexx Ekubo, Stanley Chibunna, Ella Betts, Adi Lev, Kemi Olofinmakin",Nigeria,2017,TV-PG,86,4.6,Movie,"December 21, 2019",
7dd6c789-798d-4256-a3e8-374e81d24e41,Love Is War,An adoring couple elects to test the strength of their marriage when they run against each other for the office of state governor.,Omoni Oboli,"Comedies, Dramas, International Movies","Omoni Oboli, Richard Mofe-Damijo, Jide Kosoko, Akin Lewis, Bimbo Manuel, Shaffy Bello, Toke Makinwa, Femi Branch, Uzor Osimkpa",Nigeria,2019,TV-14,111,,Movie,"April 29, 2020",
50565878-d715-42cc-bf02-2cf42b845661,Marked,"This documentary explores Nigeria’s cultural practice of marking, including its origins and meaning as a symbol of identity, beauty and spirituality.",Nadine Ibrahim,"Documentaries, International Movies",,Nigeria,2021,TV-PG,21,,Movie,"March 28, 2021",
8e4447ff-9f6d-449e-8a97-3bcf5caa5715,Meet the In-Laws,"When their respective parents oppose their union, a newly engaged couple learns that the reasons for pushback run deeper than just tribal differences.",Niyi Akinmolayan,"Comedies, Dramas, International Movies","Adeniyi Johnson, Tina Mba, Dele Odule, Lilian Esoro, Amaechi Muonagor, Blessing Onwukwe, Dayo Amusa, Kenneth Okolie",Nigeria,2017,TV-PG,75,,Movie,"August 18, 2020",
74d95e92-e179-4ce9-9c9a-705586d955bf,Merry Men 2: Another Mission,"To save a kidnapped loved one, a pack of wealthy men must return to their vigilante past when they are blackmailed to pull off a treacherous heist.",Moses Inwang,"Comedies, International Movies","Ramsey Nouah, Ayo Makun, Jim Iyke, Falz, Uchemba Williams, Ireti Doyle, Ufuoma McDermott, Nancy Isime, Alex Asogwa",Nigeria,2019,TV-MA,115,6.8,Movie,"June 5, 2020",
ac9f7129-efdd-449a-b88b-42d71aa96ee1,Merry Men: The Real Yoruba Demons,"Four of the richest bachelors in Abuja, Nigeria enjoy a life of fast cars, palatial homes and female attention while concealing their true activities.",Toka McBaror,"Comedies, International Movies","Ramsey Nouah, Jim Iyke, Ayo Makun, Falz, Richard Mofe-Damijo, Iretiola Doyle, Damilola Adegbite, Rosaline Meurer, Jide Kosoko, Ali Nuhu, Segun Arinze, Francis Duru",Nigeria,2018,TV-MA,106,5.2,Movie,"September 21, 2019",
f54277d3-b289-4ab8-accd-3d6dd8227558,Mokalik (Mechanic),A young boy's life shifts when he's sent to work at a mechanic's shop far from his suburban home until an opportunity forces him to make a tough choice.,Kunle Afolayan,"Dramas, International Movies","Tooni Afolayan, Ayo Ogunshina, Dayo Akinpelu, Simi Ogunleye, Femi Adebayo, Lateef Adedimeji, Damilola Ogunsi, Rasaq Olayiwola, Ayo Adesanya, Wale Akorede, Toyosi Benjamin, Hamzat Sherifdeen, Samuel Olasehinde",Nigeria,2019,TV-14,100,6.2,Movie,"September 1, 2019",
68f1f92e-64f4-456e-9333-757b212c82c6,Moms at War,"Two fierce mothers become rivals when a school contest forces their kids, both model students, to compete against one another to be the best in class.",Omoni Oboli,"Comedies, Dramas, International Movies","Omoni Oboli, Funke Akindele, Yul Edochie, Abayomi Alvin, Adebukola Oladipupo, Sharon Ooja, Eucharia Anunobi, Harriet Akinola, Michelle Dede",Nigeria,2018,TV-14,92,6.3,Movie,"April 13, 2020",
6f29a332-81a1-4bb2-a2f8-ce0623b6a9b8,Namaste Wahala,An interracial romance hits humorous and heart-wrenching hiccups as the couple's parents fight tooth and nail against their relationship.,Hamisha Daryani Ahuja,"Comedies, Dramas, International Movies","Ini Dima-Okojie, Ruslaan Mumtaz, Richard Mofe-Damijo, Joke Silva, Sujata Sehgal, Koye Kekere Ekun, Hamisha Daryani Ahuja, Anee Icha, Ibrahim Suleiman, Osas Ighodaro, Broda Shaggi",Nigeria,2021,TV-14,107,4.9,Movie,"February 14, 2021",
3ea74531-f7be-411d-92db-1347a1dd5ef3,New Money,An aspiring fashion designer's life is transformed after she discovers she’s the heiress of a billion-dollar empire left by her estranged father.,Tope Oshin,"Dramas, International Movies","Jemima Osunde, Blossom Chukwujekwu, Kate Henshaw-Nuttal, Dakore Akande, Wale Ojo, Wofai Fada, Osas Ighodaro Ajibade, Falz, Daniel Effiong, Adeolu Adefarasin",Nigeria,2018,TV-14,107,4.9,Movie,"April 14, 2020",
a697465b-642b-4429-b797-feafd261efdf,Nigerian Prince,"When a stubborn American teenager is sent to Nigeria by his mother, his cousin's scamming business becomes a viable option for securing a return flight.",Faraday Okoro,"Dramas, Independent Movies","Antonio Bell, Chinaza Uche, Tina Mba, Bimbo Manuel, Toyin Oshinaike, Craig Stott, Ebbe Bassey, Cristabel Goddy, Omar Maskati, Russell G. Jones, Dean Cameron","United States, Nigeria",2018,TV-MA,104,6,Movie,"August 14, 2020",
f6318e39-6794-4fe6-9737-142acfc8b364,Nimbe,A bullied teenager gravitates toward the acceptance he finds in a street gang but soon ends up involved in a world of drug abuse and organized crime.,Tope Alake,"Dramas, International Movies","Odunlade Adekola, Chimezie Imo, Sani Danja, Rachael Okonkwo, Broda Shaggi, Toyin Abraham, Kelechi Udegbe, Doyin Abiola, Molawa Davis",Nigeria,2019,TV-MA,115,5.9,Movie,"July 24, 2020",
88fddfc2-2065-4ed3-9b99-d677845932f4,Oct-01,"Against the backdrop of Nigeria's looming independence from Britain, detective Danladi Waziri races to capture a killer terrorizing local women.",Kunle Afolayan,"Dramas, International Movies, Thrillers","Sadiq Daba, David Bailie, Kayode Olaiya, Kehinde Bankole, Fabian Adeoye Lojede, Nick Rhys, Kunle Afolayan, Colin David Reese, Ibrahim Shatta, Femi Adebayo, Kanayo O. Kanayo, Lawrence Stubbings, Ademola Adedoyin",Nigeria,2014,TV-14,149,6.8,Movie,"September 1, 2019",
059c1f94-e510-4dd9-b7f6-9e3992da1a63,Ojos in d' House,"After a newly rich family moves into an upper-class neighborhood, they try to keep their matriarch's obsessive pursuit of social acceptance in check.",,"International TV Shows, TV Comedies","'Najite Dede, Jude Chukwuka, Taiwo Arimoro, Odenike Odetola, Funmi Eko, Keppy Ekpenyong",Nigeria,2013,TV-G,1 Season,,TV Show,,1
b8bf1d7f-671b-42c4-be39-d601366bd8cb,Ojukokoro: Greed,"Down and out of luck, the manager of a shady gas station gets in over his head when he tries to steal from his grubby employers.",Dare Olaitan,"Dramas, International Movies, Thrillers","Seun Ajayi, Zainab Balogun, Sammie Eddie, Linda Ejiofor, Charles Etubiebi, Shawn Faqua, Lord Frank, Ikubese Emmanuel Ifeanyi, Somkele Iyamah, Ali Nuhu, Wale Ojo",Nigeria,2016,TV-MA,108,6.9,Movie,"April 9, 2021",
a46c7db6-b64e-4bc1-82d5-06729a108ea6,Okafor's Law,An unapologetic lothario sets out to seduce three ex-flames – but gets an unexpected education in love along the way.,Omoni Oboli,"Comedies, International Movies, Romantic Movies",,Nigeria,2016,TV-14,110,4.9,Movie,"December 13, 2019",
edcc3ed1-c3b2-481b-b6b9-cccec3978bc2,Oloibiri,"After drilling depletes a small village, a corporation finds more oil in the region, igniting tensions among the community.",Curtis Graham,"Dramas, International Movies, Thrillers","Olu Jacobs, Richard Mofe-Damijo, William R. Moses, Taiwo Ajai-Lycett, Ifeanyi Williams, Ivie Okujaye, Dayton Sinkia, Bradley Gordon","Canada, Nigeria, United States",2015,TV-14,86,5.4,Movie,"April 21, 2021",
1e0dcf0b-ee76-4edd-8181-b458ec39b85c,Òlòtūré,"In Lagos, a journalist goes undercover as a prostitute to expose human trafficking. What she finds is a world of exploited women and ruthless violence.",Kenneth Gyang,"Dramas, International Movies","Beverly Osu, Sharon Ooja, Omowunmi Dada, Pearl Okorie, Wofai Samuel, Ikechukwu Onunaku, Kemi Lala Akindoju, Blossom Chukwujekwu, Adebukola Oladipupo, Omoni Oboli, Segun Arinze, Ada Ameh, Sambasa Nzeribe, Patrick Doyle, Gregory Ojefua",Nigeria,2020,TV-MA,107,5.4,Movie,"October 2, 2020",
66f81d3a-4409-453b-b9a8-4f8f5f6f79d0,On the Real,A group of reality stars transitions into their newly achieved fame while dealing with the demands of an obnoxious TV executive and their regular lives.,Tosin Coker,"International TV Shows, TV Dramas","Ini Dima Okojie, Akah Nnani, Nancy Isime, Maurice Sam, David Jones David, Angel Funto Johnson, Pearl Okorie, Tomiwa Tegbe, Peanut Omatsola",Nigeria,2017,TV-MA,1 Season,,TV Show,,1
165a9462-649b-46d6-aa9a-958850d8e36c,Osuofia in London,"A villager in Nigeria becomes the sole beneficiary of his late brother's estate in England, which, according to custom, includes his brother's fiancée.",Kingsley Ogoro,"Comedies, Dramas, International Movies","Nkem Owoh, Mara Derwent, Francis Odega, Cynthia Okereke, Tom Njemanze, Romanus Amuta, Sabina Mole, Blessing Onolleka, Oluchi Agunwa, Chiwendu Onaga, Patricia Ezeani, Stephen Ahanonu",Nigeria,2003,TV-MA,84,7.4,Movie,"June 22, 2021",
52c1333f-3d97-47c3-b4ac-413f65c7c734,Payday,"After an expensive night out, two flatmates get tangled in an overnight misadventure to recover their rent money to pay their dead landlord's daughter.",Cheta Chukwu,"Comedies, Independent Movies, International Movies","Baaj Adebule, Ebiye Victor, Meg Otanwa, Bisola Aiyeola, Mawuli Gavor, Zack Orji, Segilola Ogidan",Nigeria,2018,TV-MA,110,,Movie,"November 29, 2019",
354f3fac-f0df-451e-a3a1-77595ff4a6aa,Phone Swap,A fashion designer and an arrogant businessman reluctantly try to help each other after accidentally swapping phones in the airport.,Kunle Afolayan,"Comedies, International Movies, Romantic Movies","Wale Ojo, Nse Ikpe-Etim, Lydia Forson, Joke Silva, Chika Okpala, Ada Ameh, Hafeez Oyetoro, Chika Chukwu",Nigeria,2012,TV-14,112,6,Movie,"September 1, 2019",
5ce7f4a9-2273-4996-bc1e-e8cfd3414c2a,RattleSnake - The Ahanna Story,"In this stylish remake, a disillusioned mastermind assembles a team to pull off a series of spectacular heists — but his crimes make too many enemies.",Ramsey Nouah,"Dramas, International Movies, Thrillers","Stan Nze, Osas Ighodaro, Bucci Franklin, Odera Adimorah, Efa Iwara, Emeka Nwagbaraocha, Elma Mbadiwe, Norbert Young, Brutus Richard, Chinyere Wilfred, Sonny McDon, Chiwetalu Agu",Nigeria,2020,TV-MA,136,,Movie,"July 2, 2021",
97e8baae-dca8-44ac-b91e-06c3d24b1ec0,Skin,"On a quest to find beauty in all complexions, actress Beverly Naya travels to her home country of Nigeria and explores colorism's impact on society.",Daniel Effiong,"Documentaries, International Movies",Beverly Naya,Nigeria,2019,TV-MA,76,7.3,Movie,"June 28, 2020",
83685ffb-244f-45a1-abf2-0f3dab70c461,Slow Country,"Desperate to leave a life of prostitution, a teenage mother attempts to outsmart her ruthless boss who is determined to keep his prized asset.",Eric Aghimien,"Dramas, International Movies","Ivie Okujaye, Sambasa Nzeribe, Tope Tedela, Gina Castel, Majid Michel, Victor Erabie, Brutus Richard, Adebayo Thomas",Nigeria,2017,TV-MA,115,4.4,Movie,"December 6, 2019",
1310b4b5-aa8d-4c62-a54a-0ab7700a4bf8,Small Chops,"When a business mogul hires an exotic dancer for a weekend of entertainment, it quickly morphs into a messy situation full of misunderstanding.",Robert Peters,"Dramas, International Movies, Romantic Movies","Chika Ike, Max Cavenham, Nkem Owoh, Nse Ikpe-Etim, Toyin Abraham, Eucharia Anunobi, Sophie Alakija, Hafis Ayetoro, Omotunde Adebowale David",Nigeria,2020,TV-MA,98,,Movie,"June 5, 2021",
8cb75819-a4b3-4cc9-a5f8-9c8ee32ef925,Sons of the Caliphate,"Three wealthy, power-hungry men tussle for sovereignty amid corrupt politics, passionate desires and family obligations.",,"International TV Shows, TV Dramas","Yakubu Mohammed, Paul Sambo, Mofe Duncan, Nita Byack George, Yvonne Hays, Mickey Odey, Rahama Sadau, Sani Muazu",Nigeria,2017,TV-14,2 Seasons,7.2,TV Show,"January 24, 2020",2
6d01a9c5-9d80-4a2b-ac5d-1419d52f0998,Sugar Rush,"After discovering a huge sum of money, a trio of sisters swipes it for personal use until the authorities and a shady mob boss come to collect the cash.",Kayode Kasum,"Comedies, International Movies","Adesua Etomi, Bisola Aiyeola, Bimbo Ademoye, Omoni Oboli, Toke Makinwa, Banky Wellington",Nigeria,2019,TV-14,123,7,Movie,"July 4, 2020",
9e68d425-3adc-4cd8-b007-b8e1fd7c93dc,Sylvia,"When a man outgrows a childhood friendship and commits to marrying his girlfriend, obsession and spiritual warfare soon disrupt his peaceful life.",Daniel Oriahi,"Dramas, International Movies, Thrillers","Chris Attoh, Zainab Balogun, Ini Dima-Okojie, Udoka Onyeka, Lord Frank, Bolaji Ogunmola, Ijeoma Grace Agu, Omotunde Adebowale David",Nigeria,2018,TV-14,104,5.2,Movie,"July 15, 2020",
efb559e7-6b21-41cf-9933-c99ce4a18bf6,Tango With Me,A newly married couple journeys through self-discovery and healing while dealing with the aftermath of a traumatic event on their wedding night.,Mahmood Ali-Balogun,"Dramas, International Movies, Romantic Movies","Genevieve Nnaji, Joseph Benjamin, Joke Silva, Tina Mba, Ahmed Yerima, Bimbo Manuel, Sade Alder-Hayes",Nigeria,2010,TV-14,104,6.4,Movie,"July 7, 2021",
8c4076b9-65d8-4e2d-b815-cc2ac301412d,Tatu,"Doubting her future as a nun, a woman attempts to have a child, triggering a mystic tribal prophecy that could force her to make a godly sacrifice.",Don Omope,"Action & Adventure, Dramas, International Movies","Rahama Sadau, Sambasa Nzeribe, Segun Arinze, Gabriel Afolayan, Desmond Elliot, Funlola Aofiyebi, Toyin Aimakhu, Stephen Demian, Afeez Oyetoro, Oludara Egerton Shyngle",Nigeria,2017,TV-MA,101,,Movie,"October 18, 2019",
3e1d4dad-f509-463d-91ed-f3feb662f9fe,Taxi Driver,"After his father dies, a young mechanic moves to the city to drive the old man’s taxi, and encounters assassins and a motley crew of urban weirdos.",Daniel Oriahi,"Comedies, Dramas, Independent Movies","Odunlade Adekola, Ijeoma Grace Agu, Richard Akinlade, Babajide Alimison, Hafeez Oyetoro, Femi Jacobs, Toyin Oshinaike, Kelechi Udegbe",Nigeria,2015,TV-MA,94,6,Movie,"February 26, 2020",
9d042471-5052-4a01-96ae-08b8632c88bb,The Accidental Spy,"Nursing a broken heart, an IT specialist moves to London to audition for a reality TV show that unexpectedly turns into a real-life cartel drama.",Roger Russell,"Action & Adventure, Comedies, International Movies","Ramsey Nouah, Christine Allado, Ayo Makun, Emmanuel Edunjobi, Thenjiwe Moseley, Miguel A. Núñez Jr., Bucci Franklin",Nigeria,2017,TV-MA,104,4.5,Movie,"November 29, 2019",
40c01e92-b01c-4f51-b419-16fc4f9a198f,The Arbitration,An arbitration panel is formed after a company CEO in Nigeria is sued for wrongful dismissal and rape by an employee with whom he had an affair.,Niyi Akinmolayan,"Dramas, International Movies","Adesua Etomi, O.C. Ukeje, Ireti Doyle, Sola Fosudo, Somkele Iyamah, Lota Chukwu, Gregory Ojefua, Beverly Naya, Bimbo Ademoye, Pius Fatoke",Nigeria,2016,TV-MA,101,4.8,Movie,"February 26, 2020",
6204cef6-cd10-4efc-a6ef-e0b4c9c66880,The Bling Lagosians,"With a matriarch bent on having a lavish 51st birthday party, her family's debt is on the verge of exposure, threatening their business – and legacy.",Bolanle Austen-Peters,"Dramas, International Movies","Gbenga Titiloye, Elvina Ibru, Sharon Ooja, Osas Ighodaro Ajibade, Monalisa Chinda, Toyin Abraham, Bisola Aiyeola, Oladele Ogunlana, Jimmy Odukoya, Alex Ekubo",Nigeria,2019,TV-14,99,6.6,Movie,"October 11, 2019",
4d79268f-0195-4174-b912-3d82b9bf4494,The Bridge,A Yoruba prince and a young lady from a prominent Igbo family face tribal prejudice and parental pressure when they secretly wed.,Kunle Afolayan,"Dramas, International Movies, Romantic Movies","Chidinma Ekile, Ademola Adedoyin, Kunle Afolayan, Zack Orji, Tina Mba, Ayo Akinwale, Akim Mogaji, Ayo Mogaji, Ken Erics",Nigeria,2017,TV-14,119,5.5,Movie,"September 1, 2019",
4e486f56-83dc-4d4e-98ca-07d68a111b06,The CEO,A group of executives heads to a telecommunications retreat to pick the firm's new CEO until they find themselves in a contest to win – and stay alive.,Kunle Afolayan,"Dramas, International Movies, Thrillers","Wale Ojo, Jimmy Jean-Louis, Hilda Dokubo, Nico Panagio, Aurélie Eliam, Peter King Nzioki Mwania, Fatym Layachi, Kemi Lala Akindoju, Angélique Kidjo",Nigeria,2016,TV-14,109,6,Movie,"September 1, 2019",
b7b62822-ad2d-41a3-8b90-dd56aa93887e,The Delivery Boy,A teen criminal and a young sex worker forge an unlikely alliance during a night that forces them to confront painful pasts and crises of conscience.,Adekunle Nodash Adejuyigbe,"International Movies, Thrillers","Jamal Ibrahim, Jemima Osunde, Charles Etubiebi, Jude Chukwuka, Chris Iheuwa, Kehinde Fasuyi",Nigeria,2018,TV-14,67,6.3,Movie,"May 14, 2020",
fd254dfd-50e8-4aa7-8b10-2b89efe904a9,The Figurine (Araromire),"When a pair of friends discovers a mystical sculpture in an abandoned shrine, good fortune is bestowed upon them – until luck starts running out.",Kunle Afolayan,"Horror Movies, International Movies, Thrillers","Ramsey Nouah, Omoni Oboli, Kunle Afolayan, Funlola Aofiyebi, Tosin Sido, David J. Oserwe, Kate Adepegba, Muraina Oyelami, Wale Adebayo, Ombo Gogo Ombo",Nigeria,2009,TV-14,121,4.6,Movie,"October 1, 2019",
e40b6a8b-8b41-4849-8b35-a522338a7fea,The Ghost and the Tout,"Boisterous hustler Isla, whose life consists of brawling and drinking, acquires the ability to see ghosts, including the recently deceased Mike.",Charles Uwagbai,"Comedies, International Movies","Toyin Abraham, Sambasa Nzeribe, Chioma Chukwuka Akpotha, Chioma Omeruah, Chiwetalu Agu, Dele Odule, Femi Adebayo, Bayray McNwizu, Biodun Stephen",Nigeria,2018,TV-14,100,,Movie,"February 14, 2020",
c8012055-4a4f-4add-a94f-ca0dbddbb439,The Governor,"When sudden tragedy forces a deputy to step into the role of governor, she faces grueling political and personal tests in order to lead her state.",,"International TV Shows, TV Dramas","Caroline Chikezie, Bimbo Manuel, Lord Frank, Edmond Enaibe, Taiwo Obileye, Jude Chukwuka, Kunle Coker, Paul Christian Chukwudi, Samuel Abiola Robinson, Simi Adejumo, Ani Iyoho",Nigeria,2016,TV-14,1 Season,7.2,TV Show,,1
b26aa4bd-46c2-4483-9620-39956bf86cf2,The Island,"When a colonel uncovers controversial intel about the government, he makes a shocking discovery and must decide whether to reveal it or risk his life.",Toka McBaror,"Dramas, International Movies, Thrillers","Sambasa Nzeribe, Segun Arinze, Tokunbo Idowu, Femi Adebayo",Nigeria,2018,TV-14,93,4.9,Movie,"November 29, 2019",
5803be0e-d9b0-4915-bdcb-8ffedc8df86b,The Lost Okoroshi,"A disillusioned security guard transforms into a masquerade, channeling ancestral spirits as he roams the streets of Lagos.",Abba T. Makama,"Comedies, Dramas, Independent Movies","Seun Ajayi, Judith Audu, Tope Tedela, Ifu Ennada, Chiwetalu Agu, Demi Banwo, Ibrahim Jammal, Micheal Ajotubu, Ozzy Agu, Cristabel Goddy",Nigeria,2019,TV-MA,94,5.7,Movie,"September 4, 2020",
a3258785-d45d-428a-b008-834fbd3efe98,The Millions,"To pull off a massive heist, a charismatic con artist attempts to rob a fortified home with the help of a team he can't completely trust.","Toka McBaror, Tunde Apalowo","Comedies, International Movies","Ramsey Nouah, Blossom Chukwujekwu, Ayo Makun, Nancy Isime, Ali Nuhu, Folusho Durojaiye, Toyin Abraham, Chika Lann, Broda Shaggi, Etinosa Idemudia",Nigeria,2019,TV-MA,95,5.4,Movie,"July 17, 2020",
fbc29f89-95b7-498d-86d0-a36cde7f8b4b,The Mirror Boy,"A young boy is taken to his mother's birth home in Africa, where a mystical adventure in an ominous forest turns into a journey of self-discovery.",Obi Emelonye,"Action & Adventure, Dramas, International Movies","Edward Kagutuzi, Genevieve Nnaji, Osita Iheme, Fatima Jabbe, Victor Carvalho, Felix Ceesay, John Charles Njie, Momodu Musa Ceesay","United Kingdom, Nigeria",2011,TV-14,86,4.9,Movie,"June 30, 2020",
dafb9158-cd91-4aed-96d3-756b1bf63a9a,The Royal Hibiscus Hotel,A disenchanted chef tries to help her parents restore their failing hotel but cooks up feelings for an investor with his sights set on the property.,Ishaya Bako,"Comedies, International Movies, Romantic Movies","Zainab Balogun, Kenneth Okolie, Deyemi Okanlawon, Joke Silva, Olu Jacobs, Jide Kosoko, Rachel Oniga, Kemi Lala Akindoju, Ini Dima-Okojie, Toni Tones",Nigeria,2017,TV-PG,90,5.6,Movie,"June 22, 2020",
a0b06672-3ba9-4754-80e3-af80c845aea8,The Set Up,Manipulation and personal vendettas collide when a con artist hires a young woman to assist with his scheme to marry a wealthy heiress.,Niyi Akinmolayan,"Dramas, International Movies","Adesua Etomi, Jim Iyke, Dakore Akande, Marie Humbert, Ayoola Ayolola, Tina Mba, Joke Silva, Kehinde Bankole",Nigeria,2019,TV-MA,105,4.2,Movie,"April 22, 2020",
f9c374de-64bd-4b12-a51a-8b282d8f8eca,The Wedding Party,"As their big day arrives, a couple's lavish wedding plans turn into a nightmare of exes, fighting parents and uninvited guests.",Kemi Adetiba,"Comedies, Dramas, International Movies","Adesua Etomi, Banky Wellington, Richard Mofe-Damijo, Sola Sobowale, Iretiola Doyle, Alibaba Akporobome, Zainab Balogun, Beverly Naya, Enyinna Nwigwe",Nigeria,2016,TV-14,101,6.2,Movie,"April 15, 2017",
b6d75ab3-67e7-41fe-9a4f-4966e1813049,The Wedding Party 2: Destination Dubai,"In this sequel to the 2016 hit ""The Wedding Party,"" a couple's date night ends in an accidental proposal, sparking a series of chaotic family events.",Niyi Akinmolayan,"Comedies, International Movies, Romantic Movies","Enyinna Nwigwe, Daniella Down, Banky Wellington, Adesua Etomi, Somkele Iyamah, Iretiola Doyle, Sola Sobowale, Michael De Pinna, Lynita Crofford, Patience Ozokwor",Nigeria,2017,TV-14,98,4.6,Movie,"September 21, 2019",
5d72a428-f5fc-47c0-b1fc-d8b7ec904723,This Lady Called Life,"Abandoned by her family, young single mother Aiye struggles to survive but stays focused on her dream of becoming an elite chef.",Kayode Kasum,"Dramas, International Movies, Romantic Movies","Bisola Aiyeola, Efa Iwara, Molawa Onajobi, Tina Mba, Wale Ojo, Jemima Osunde, Lota Chukwu, Samuel Asa'ah, Michael Ejoor, Uche Elumelu",Nigeria,2020,TV-14,120,6.2,Movie,"April 23, 2021",
fc867d8b-4d11-470b-815b-cf3eebbf20b4,Up North,A pampered heir must complete a year of service work to inherit his dad's assets but unearths new goals when he's placed in an unfamiliar region.,Tope Oshin,"Dramas, International Movies","Banky Wellington, Rahama Sadau, Kanayo O. Kanayo, Ibrahim Suleiman, Michelle Dede, Adesua Etomi, Hilda Dokubo, Akin Lewis",Nigeria,2018,TV-14,99,5.8,Movie,"October 18, 2019",
6d21cbfa-42a0-4e54-bedd-6df1c8fd6b04,Voiceless,"A bright and promising young girl gets abducted and taken to a terrorist camp, where she unexpectedly crosses paths with her soulmate.",Robert O. Peters,"Dramas, International Movies, Thrillers","Uzee Usman, Yakubu Mohammed, Asabe Madaki, Sani Mu’azu, Rekiya Ibrahim Atta, Adam Garba, Abba Ali Zaky, Habiba Zock-Sock, Abdul’ Usman Zada, Nadia Dutch, Abubakar Maina, Healing Marcus Udor, Jamila Ibrahim",Nigeria,2020,TV-MA,112,,Movie,"July 1, 2021",
7f183da1-859a-43f2-8659-e50e1a00e1ec,When Love Happens,"Fed up with coordinating weddings for everyone else, unlucky-in-love event planner Mo turns to the internet to see if she can find her own Mr. Right.",Seyi Babatope,"International Movies, Romantic Movies","Weruche Opia, Gideon Okeke, Beverly Naya, O.C. Ukeje, Shaffy Bello, Oreka Godis",Nigeria,2014,TV-14,109,4.9,Movie,"February 26, 2020",
07d3bce5-55b8-4f15-9549-8b3572ecdbf9,Who's the Boss,"A young, overworked ad executive with an overbearing boss starts her own side hustle and invents an employer once her business begins to flourish.",Chinaza Onuzo,"Comedies, International Movies, Romantic Movies","Funke Akindele, Blossom Chukwujekwu, Sharon Ooja, Ini Dima-Okojie, Segun Arinze, Bolly Lomo, Beverly Osu, Tayo Faniran",Nigeria,2020,TV-MA,106,,Movie,"March 19, 2021",
4b3475a7-3734-4828-8b31-e7516a589ed8,Wives on Strike,"A group of local women band together to save a terrified young girl from marriage, launching a hilarious strike against their frustrated husbands.",Omoni Oboli,"Comedies, Dramas, International Movies","Omoni Oboli, Kenneth Okonkwo, Kalu Ikeagwu, Uche Jumbo, Ufoma Ejenobor, Julius Agu, Udoka Oyeka, Chioma Chukwuka-Akpotha, Kehinde Bankole",Nigeria,2016,TV-14,92,,Movie,"December 6, 2019",
6ac42584-8a00-47f9-8253-c8f704fc60a5,Wives on Strike: The Revolution,"After a woman is severely beaten at home, her strong-willed friends take a stand against their husbands to seek justice for domestic abuse victims.",Omoni Oboli,"Comedies, Dramas, International Movies","Uche Jumbo, Omoni Oboli, Sola Sobowale, Chioma Chukwuka-Akpotha, Ufuoma McDermott, Odunlade Adekola, Kalu Ikeagwu, Kenneth Okonkwo","United Kingdom, Nigeria",2017,TV-PG,93,,Movie,"December 6, 2019",
